batch_id,platform,provider,model,post_count,start_row,end_row,prompt_tokens,completion_tokens,total_tokens,started_at_utc,ended_at_utc,status,error,duration_sec
1,reddit,anthropic,claude-sonnet-4-20250514,20,0,19,1448,1112,2560,2026-04-04T17:23:46.776066+00:00,2026-04-04T17:23:57.933348+00:00,ok,,11.157
2,reddit,anthropic,claude-sonnet-4-20250514,20,20,39,1288,1112,2400,2026-04-04T17:23:57.998420+00:00,2026-04-04T17:24:08.841869+00:00,ok,,10.843
3,reddit,anthropic,claude-sonnet-4-20250514,20,40,59,1315,1115,2430,2026-04-04T17:24:08.911978+00:00,2026-04-04T17:24:19.777229+00:00,ok,,10.865
4,reddit,anthropic,claude-sonnet-4-20250514,20,60,79,1406,1115,2521,2026-04-04T17:24:19.859969+00:00,2026-04-04T17:24:30.540927+00:00,ok,,10.681
5,reddit,anthropic,claude-sonnet-4-20250514,20,80,99,1351,1118,2469,2026-04-04T17:24:30.628892+00:00,2026-04-04T17:24:41.216792+00:00,ok,,10.588
6,reddit,anthropic,claude-sonnet-4-20250514,20,100,119,1284,1313,2597,2026-04-04T17:24:41.316957+00:00,2026-04-04T17:24:53.998533+00:00,ok,,12.682
7,reddit,anthropic,claude-sonnet-4-20250514,20,120,139,1340,1114,2454,2026-04-04T17:24:54.101410+00:00,2026-04-04T17:25:05.417129+00:00,ok,,11.316
8,reddit,anthropic,claude-sonnet-4-20250514,20,140,159,1410,1112,2522,2026-04-04T17:25:05.526310+00:00,2026-04-04T17:25:16.396193+00:00,ok,,10.87
9,reddit,anthropic,claude-sonnet-4-20250514,20,160,179,1345,1118,2463,2026-04-04T17:25:16.510210+00:00,2026-04-04T17:25:27.583143+00:00,ok,,11.073
10,reddit,anthropic,claude-sonnet-4-20250514,20,180,199,1238,1315,2553,2026-04-04T17:25:27.708342+00:00,2026-04-04T17:25:40.624810+00:00,ok,,12.916
11,reddit,anthropic,claude-sonnet-4-20250514,20,200,219,1327,1116,2443,2026-04-04T17:25:40.756099+00:00,2026-04-04T17:25:51.764977+00:00,ok,,11.009
12,reddit,anthropic,claude-sonnet-4-20250514,20,220,239,1332,1113,2445,2026-04-04T17:25:51.918574+00:00,2026-04-04T17:26:02.995236+00:00,ok,,11.077
13,reddit,anthropic,claude-sonnet-4-20250514,20,240,259,1394,1113,2507,2026-04-04T17:26:03.157401+00:00,2026-04-04T17:26:13.930810+00:00,ok,,10.773
14,reddit,anthropic,claude-sonnet-4-20250514,20,260,279,1299,1113,2412,2026-04-04T17:26:14.094399+00:00,2026-04-04T17:26:25.249730+00:00,ok,,11.155
15,reddit,anthropic,claude-sonnet-4-20250514,20,280,299,1311,1112,2423,2026-04-04T17:26:25.424558+00:00,2026-04-04T17:26:36.083280+00:00,ok,,10.659
16,reddit,anthropic,claude-sonnet-4-20250514,20,300,319,1289,1114,2403,2026-04-04T17:26:36.259462+00:00,2026-04-04T17:26:47.112620+00:00,ok,,10.853
17,reddit,anthropic,claude-sonnet-4-20250514,20,320,339,1274,1313,2587,2026-04-04T17:26:47.292617+00:00,2026-04-04T17:27:00.935043+00:00,ok,,13.642
18,reddit,anthropic,claude-sonnet-4-20250514,20,340,359,1311,1112,2423,2026-04-04T17:27:01.123355+00:00,2026-04-04T17:27:12.041421+00:00,ok,,10.918
19,reddit,anthropic,claude-sonnet-4-20250514,20,360,379,1362,1112,2474,2026-04-04T17:27:12.241459+00:00,2026-04-04T17:27:24.043165+00:00,ok,,11.802
20,reddit,anthropic,claude-sonnet-4-20250514,20,380,399,1345,1111,2456,2026-04-04T17:27:24.249004+00:00,2026-04-04T17:27:35.316461+00:00,ok,,11.067
21,reddit,anthropic,claude-sonnet-4-20250514,20,400,419,1420,1113,2533,2026-04-04T17:27:35.528800+00:00,2026-04-04T17:27:46.225055+00:00,ok,,10.696
22,reddit,anthropic,claude-sonnet-4-20250514,20,420,439,1363,1113,2476,2026-04-04T17:27:46.444534+00:00,2026-04-04T17:27:57.471614+00:00,ok,,11.027
23,reddit,anthropic,claude-sonnet-4-20250514,20,440,459,1452,1114,2566,2026-04-04T17:27:57.719029+00:00,2026-04-04T17:28:08.609819+00:00,ok,,10.891
24,reddit,anthropic,claude-sonnet-4-20250514,20,460,479,1376,1113,2489,2026-04-04T17:28:08.848211+00:00,2026-04-04T17:28:20.023767+00:00,ok,,11.176
25,reddit,anthropic,claude-sonnet-4-20250514,20,480,499,1319,1114,2433,2026-04-04T17:28:20.261639+00:00,2026-04-04T17:28:31.211189+00:00,ok,,10.95
26,reddit,anthropic,claude-sonnet-4-20250514,20,500,519,1403,1113,2516,2026-04-04T17:28:31.460789+00:00,2026-04-04T17:28:42.652518+00:00,ok,,11.192
27,reddit,anthropic,claude-sonnet-4-20250514,20,520,539,1350,1113,2463,2026-04-04T17:28:42.908664+00:00,2026-04-04T17:28:53.822194+00:00,ok,,10.914
28,reddit,anthropic,claude-sonnet-4-20250514,20,540,559,1414,1114,2528,2026-04-04T17:28:54.083140+00:00,2026-04-04T17:29:05.083070+00:00,ok,,11.0
